{"llh": 774.6183051124518, "x0": [1e-05, 0.09, 0.89], "ret": [0.0022293288574309392, 0.00028948137908463756, 0.003798069749295923, 0.00290795186434784, 0.000981241577887875, -0.009784316269705268, 0.00799646292698603, 0.002286627929446954, -0.011702000722309808, 0.012003864121530821, -0.010634971476517424, -0.019830674538733935, -0.022958382193147327, 0.004700323161958291, -0.004613695721109974, 0.004331523166881073, -0.011952899884123564, -0.011342368701264977, 0.015016811300160587, 0.011616458185810313, -0.005409552538729596, -0.0317665800183961, 0.0016504487353384326, -0.007659696057722816, 0.01206766862939907, -0.002374820688110841, 0.009997608590905987, -0.0012469883606600015, 0.015198092378785394, 0.004312971203078557, 0.005463538127482852, 0.0016572959074956975, -0.00023437330510128285, -0.012633315592310563, 0.008741353501951881, -0.0017687734901387594, 0.00021800079049777898, 0.009916824097178594, 0.002352436941337526, 0.00047655832817212107, 0.0026087203377046, 0.01377782703695291, -0.00023927094332159649, 0.0012470374947045107, 0.0040314974570634975, 0.0037520007072258713, -0.0003276964953461923, -0.00015451383342129454, 0.007520185805524331, 0.005495518015892269, -0.0009268242194319607, -0.00959853007088623, 0.0049176596489584655, 0.0065942653692908125, -0.005280915450209751, -0.0020417893797305916, -0.0010145761776642567, 0.005913201164216513, 0.0002673529571169444, -0.003827282923869408, 0.006400026092100279, 0.007702068350443685, 0.0019406108615927556, -0.00614305388040209, 0.0030437119265105997, 0.006131533790555703, 0.0011737212652427934, 0.0003370358695900568, 0.010871179958340587, 0.0004105000127641636, -0.016454546192967653, 0.003348707868727157, 0.008476852985047028, -0.002235955279497876, 0.0025648378539298625, 0.0060923221900628976, -0.0041978318668868765, -0.02434907254069601, 0.007153202453331235, 0.011906857865279069, -0.017521582790846087, 0.012464275431255228, -0.02420994269108861, -0.006388553581087859, -0.0341918946951018, -0.01540120992517296, 0.042684436101708974, -0.0032592624598607963, 0.013474801833037791, -0.01292304093876589, -0.01868522053515503, 0.00011237507780409905, -0.014110128559731311, -0.0061245328385143806, -0.03890515389480325, 0.014079365957845152, -0.01332842763195779, 0.0006064293332147022, -0.00646112162624662, 0.03253502925022562, -0.01304337928325599, -0.017381061272328798, 0.025291686042150433, 0.0030239847715308236, -0.0361833052873805, -0.012943323545536007, 0.010240639373267751, -0.005774740711552202, 0.02839809165763191, 0.0044296419304759626, -0.0019654762940203804, 0.02206869167979703, -0.0007715169754706717, 0.0011921157206443204, -0.004077154463909711, -0.0032824668156505262, -0.017067785981552615, -0.003522173889479891, -0.017123676705767584, 0.00376610358239488, -0.0035712303125325314, -0.031776094725728336, -0.009959771611383889, -0.004880770806527874, -0.0058788047997086436, 0.006120067045705173, 0.030595926414930533, 0.009432442463279738, 0.007023433145766649, 0.00023386785146068312, 0.014561393319379395, -0.0005055054396353962, -0.00014074993746764997, -0.02833514040923196, 0.005474933148569565, 0.010616065215800557, -0.013497308349536158, 0.021662049217964056, 0.008227213407644268, 0.009947542980612905, -0.0005039522083762302, -0.006889735418608762, -0.005298545797136118, -0.0005956668750978731, 0.02191545214769525, -0.005214746250714992, 0.006246756088382159, -0.001477103802922148, -0.004498848060998146, 0.0049100433633491635, -0.005827643864732164, -0.028203900829188496, -0.006563093064462617, -0.0033644369256435277, -0.0008760548064436444, 0.011796077778839792, 0.001409010443710617, -0.017964262302741337, -0.003663930196723559, -0.0042344873471468715, -0.015368739027548034, 0.0034633131057520464, -0.00713877569128923, 0.014956825449274963, -0.01502549546474879, -0.00041431032762944775, 0.029058749692779055, 0.008854787375922218, 0.012473869521029418, -0.011750757858169198, 0.006584127688831269, 0.004194200968902055, 0.004621671538540599, 0.010647354649048485, -0.0010355110398014241, 0.003395555619507167, -0.000679644429040611, -0.0053801802468739736, 0.014760219930152257, -0.002430174983291284, -0.005339562148601591, -0.008558831269036499, 0.019998152767386538, -0.005215925908498005, 0.00308005856396149, -0.002159968447457967, -0.003388940692505333, 0.003782600615469594, -0.007946313005177725, 0.01951759109451429, -0.0005004912213787913, -0.0016216233407834687, 0.0051787860409984775, 0.0005291264248815144, 0.002667092435798384, 0.007332716882530181, -0.0043228886742818174, 0.0016268538442281758, 0.004501370390415598, -0.01360542964733374, 0.009304436246276698, 0.001789080394321079, 0.0014463126719342404, 0.002538655328000299, -0.00024583252418158375, -0.0032823004841206435, -0.00024537714030342195, 0.00034553605111404173, -7.678606486910078e-05, 0.007484890410093985, 0.003595385128941924, 0.01866062498724658, 0.0033411026907366795, -0.0022902539469810642, -0.007624501334315188, 0.0036068677961207988, -0.004188828635124093, -0.012323151035686425, -0.0018296208914829145, -0.016116383641758544, 9.334684546941552e-05, 0.014196748156955213, 0.0023328297975436277, -0.0012459803689130419, -0.014997203687532707, 0.01425178116868337, -0.012129925500191813, 0.0026114105889077414, -0.006052869344062846, 0.020630307653683625, 0.012313208854689844, 0.002274629976595282, -0.0014727268725999673, 0.00015574547183844678, 0.0032425951332282813, 0.0034717049253201785, 0.005386543837641315, 0.00022815676803228846, 0.0004684085035116572, -0.004996864473952141, 0.005370696967705928, -0.004589011316860454, 0.001996297509057559, 0.005905963521464723, 0.0026911585852814105, -0.00184640540888908, -1.6300372125794605e-05, 0.0010172152866455056, 0.00030068473758688063, -0.0020038830673553784, -0.00017571327714798835]}